{
  "Bilddatei" : ["Breite", "Höhe", "Farbtiefe", "Komprimierung"],
  "Papierscan" : ["Breite", "Höhe", "Farbtiefe", "Komprimierung", "Auflösung"],
  "Sounddatei" : ["Länge(mins)", "Rate(Hz)", "Sample-Tiefe", "Komprimierung", "Tonspuren"],
  "Videodatei" : ["Breite", "Höhe", "Farbtiefe", "Komprimierung", "Bildrate", "Länge(mins)"],
  "Rechenweg" : ["Breite x Höhe x Farbtiefe / Komprimierung",
                "Papierformat x dpi / 2.54 = 'px' => 'px' x 'px' x 'Farbtiefe' / 'Komprimierung'",
                "'Sekunden' x 'Hz' x 'Sample-Tiefe' x 'Anzahl der Tonspuren' / 'Komprimierung'",
                "'Länge(secs)' x 'Bilder/s' x 'Breite' x 'Höhe' x 'Farbtiefe' / 'Komprimierung'"]
}